Contents,,,,,,,,,,,
,,,,,,,,,,,
"Table 3 Live births by area of usual residence of mother, numbers, General Fertility Rates and Total Fertility Rates, 2014",,,,,,,,,,,
"England and Wales: regions (within England), unitary authorities, counties, districts, London Boroughs, local health boards (within Wales)",,,,,,,,,,,
,,,,,,,,,,,
,,,,,,,,,,,
Area of usual residence,Live births,     GFR1,TFR2,,,,,,,,
,,,,,,,,,,,
"ENGLAND, WALES AND ELSEWHERE ","695,233",62.1,1.83,,,,,,,,
,,,,,,,,,,,
ENGLAND,"661,496",62.2,1.83,,,,,,,,
,,,,,,,,,,,
WALES,"33,544",59.1,1.78,,,,,,,,
,,,,,,,,,,,
NORTH EAST,"28,456",57.6,1.72,,,,,,,,
 ,,,,,,,,,,,
County Durham UA ,"5,361",56.4,1.71,,,,,,,,
Darlington UA,"1,226",62.5,1.92,,,,,,,,
Hartlepool UA,"1,043",60.9,1.82,,,,,,,,
Middlesbrough UA,"2,003",72.0,2.09,,,,,,,,
Northumberland UA,"2,753",54.0,1.68,,,,,,,,
Redcar and Cleveland UA,"1,422",60.2,1.82,,,,,,,,
Stockton-on-Tees UA,"2,329",62.8,1.85,,,,,,,,
,,,,,,,,,,,
Tyne and Wear (Met County),"12,319",55.3,1.63,,,,,,,,
Gateshead,"2,274",59.5,1.74,,,,,,,,
Newcastle upon Tyne,"3,283",49.5,1.53,,,,,,,,
North Tyneside,"2,293",60.6,1.80,,,,,,,,
South Tyneside,"1,591",58.6,1.74,,,,,,,,
Sunderland,"2,878",54.4,1.62,,,,,,,,
,,,,,,,,,,,
NORTH WEST ,"85,606",62.5,1.86,,,,,,,,
,,,,,,,,,,,
Blackburn with Darwen UA,"2,212",75.8,2.25,,,,,,,,
Blackpool UA,"1,819",72.5,2.17,,,,,,,,
Cheshire East UA,"3,749",59.4,1.88,,,,,,,,
Cheshire West and Chester UA ,"3,527",58.8,1.82,,,,,,,,
Halton UA,"1,556",64.4,1.94,,,,,,,,
Warrington UA,"2,346",60.9,1.85,,,,,,,,
,,,,,,,,,,,
Cumbria ,"4,760",58.4,1.83,,,,,,,,
Allerdale,902,58.1,1.86,,,,,,,,
Barrow-in-Furness,727,61.4,1.89,,,,,,,,
Carlisle,"1,261",64.2,1.94,,,,,,,,
Copeland,677,58.2,1.80,,,,,,,,
Eden,399,50.7,1.66,,,,,,,,
South Lakeland,794,52.8,1.72,,,,,,,,
,,,,,,,,,,,
Greater Manchester (Met County),"36,402",65.0,1.89,,,,,,,,
Bolton,"3,758",69.5,2.08,,,,,,,,
Bury,"2,329",65.9,1.98,,,,,,,,
Manchester,"7,964",59.4,1.69,,,,,,,,
Oldham ,"3,282",73.9,2.19,,,,,,,,
Rochdale,"2,844",68.0,2.02,,,,,,,,
Salford,"3,512",67.7,1.89,,,,,,,,
Stockport,"3,387",65.2,1.96,,,,,,,,
Tameside,"2,975",70.3,2.08,,,,,,,,
Trafford,"2,700",61.6,1.85,,,,,,,,
Wigan,"3,651",60.7,1.83,,,,,,,,
,,,,,,,,,,,
Lancashire ,"13,210",60.9,1.86,,,,,,,,
Burnley,"1,122",68.0,1.98,,,,,,,,
Chorley,"1,231",61.2,1.88,,,,,,,,
Fylde,600,53.1,1.67,,,,,,,,
Hyndburn,"1,085",71.0,2.13,,,,,,,,
Lancaster,"1,497",52.5,1.70,,,,,,,,
Pendle,"1,304",77.6,2.26,,,,,,,,
Preston,"1,869",62.5,1.86,,,,,,,,
Ribble Valley,457,49.7,1.67,,,,,,,,
Rossendale,837,65.1,2.00,,,,,,,,
South Ribble,"1,206",61.7,1.89,,,,,,,,
West Lancashire,"1,011",49.8,1.68,,,,,,,,
Wyre,991,59.1,1.88,,,,,,,,
,,,,,,,,,,,
Merseyside (Met County),"16,025",59.2,1.76,,,,,,,,
Knowsley ,"1,892",65.4,1.93,,,,,,,,
Liverpool,"5,851",54.9,1.62,,,,,,,,
Sefton,"2,778",60.2,1.86,,,,,,,,
St. Helens,"1,968",60.5,1.83,,,,,,,,
Wirral,"3,536",62.7,1.92,,,,,,,,
,,,,,,,,,,,
YORKSHIRE AND THE HUMBER,"64,078",61.9,1.85,,,,,,,,
,,,,,,,,,,,
East Riding of Yorkshire UA,"3,009",56.6,1.87,,,,,,,,
"Kingston upon Hull, City of UA","3,537",65.3,1.82,,,,,,,,
North East Lincolnshire UA,"1,942",66.8,1.97,,,,,,,,
North Lincolnshire UA,"1,734",58.6,1.77,,,,,,,,
York UA,"2,016",45.3,1.45,,,,,,,,
,,,,,,,,,,,
North Yorkshire ,"5,626",59.4,1.90,,,,,,,,
Craven,441,52.7,1.78,,,,,,,,
Hambleton,820,60.6,1.98,,,,,,,,
Harrogate,"1,426",56.6,1.82,,,,,,,,
Richmondshire,510,63.5,2.00,,,,,,,,
Ryedale,458,59.3,1.97,,,,,,,,
Scarborough,"1,035",61.4,1.90,,,,,,,,
Selby,936,62.5,1.96,,,,,,,,
,,,,,,,,,,,
South Yorkshire (Met County),"15,997",59.3,1.76,,,,,,,,
Barnsley,"2,789",63.3,1.91,,,,,,,,
Doncaster,"3,561",64.1,1.90,,,,,,,,
Rotherham ,"3,072",64.4,1.95,,,,,,,,
Sheffield,"6,575",53.7,1.64,,,,,,,,
,,,,,,,,,,,
West Yorkshire (Met County),"30,217",65.6,1.93,,,,,,,,
Bradford,"8,100",76.2,2.24,,,,,,,,
Calderdale,"2,533",66.1,2.03,,,,,,,,
Kirklees ,"5,472",65.3,1.96,,,,,,,,
Leeds,"10,136",59.6,1.77,,,,,,,,
Wakefield,"3,976",64.1,1.91,,,,,,,,
,,,,,,,,,,,
EAST MIDLANDS,"53,170",60.7,1.84,,,,,,,,
,,,,,,,,,,,
Derby UA,"3,512",68.3,1.99,,,,,,,,
Leicester UA,"5,264",66.8,1.93,,,,,,,,
Nottingham UA,"4,242",55.0,1.70,,,,,,,,
Rutland UA,341,59.8,2.06,,,,,,,,
,,,,,,,,,,,
Derbyshire ,"7,866",57.5,1.80,,,,,,,,
Amber Valley,"1,248",57.1,1.78,,,,,,,,
Bolsover,822,58.7,1.81,,,,,,,,
Chesterfield,"1,144",60.4,1.85,,,,,,,,
Derbyshire Dales,525,51.7,1.77,,,,,,,,
Erewash,"1,296",60.9,1.85,,,,,,,,
High Peak,882,55.7,1.77,,,,,,,,
North East Derbyshire,875,53.8,1.72,,,,,,,,
South Derbyshire,"1,074",58.4,1.80,,,,,,,,
,,,,,,,,,,,
Leicestershire ,"6,789",56.1,1.75,,,,,,,,
Blaby,"1,062",61.6,1.86,,,,,,,,
Charnwood,"1,766",50.9,1.59,,,,,,,,
Harborough,817,56.9,1.88,,,,,,,,
Hinckley and Bosworth,"1,091",58.1,1.78,,,,,,,,
Melton,512,59.9,1.89,,,,,,,,
North West Leicestershire,974,56.8,1.78,,,,,,,,
Oadby and Wigston,567,55.6,1.79,,,,,,,,
,,,,,,,,,,,
Lincolnshire,"7,748",61.1,1.88,,,,,,,,
Boston,857,71.4,2.08,,,,,,,,
East Lindsey,"1,202",61.1,1.95,,,,,,,,
Lincoln,"1,240",54.4,1.62,,,,,,,,
North Kesteven,"1,098",59.2,1.90,,,,,,,,
South Holland,959,63.0,1.97,,,,,,,,
South Kesteven,"1,480",62.2,1.99,,,,,,,,
West Lindsey,912,61.7,2.01,,,,,,,,
,,,,,,,,,,,
Northamptonshire,"8,746",65.0,1.97,,,,,,,,
Corby,913,69.4,1.98,,,,,,,,
Daventry,706,54.6,1.79,,,,,,,,
East Northamptonshire,858,55.5,1.82,,,,,,,,
Kettering,"1,243",68.8,2.12,,,,,,,,
Northampton,"3,236",70.0,2.00,,,,,,,,
South Northamptonshire,837,56.6,1.83,,,,,,,,
Wellingborough,953,68.0,2.12,,,,,,,,
,,,,,,,,,,,
Nottinghamshire ,"8,662",60.4,1.86,,,,,,,,
Ashfield,"1,449",63.2,1.92,,,,,,,,
Bassetlaw,"1,189",61.3,1.95,,,,,,,,
Broxtowe,"1,206",59.0,1.76,,,,,,,,
Gedling,"1,243",59.4,1.83,,,,,,,,
Mansfield,"1,305",66.2,1.95,,,,,,,,
Newark and Sherwood,"1,233",61.8,1.94,,,,,,,,
Rushcliffe,"1,037",51.9,1.63,,,,,,,,
,,,,,,,,,,,
WEST MIDLANDS,"70,123",64.1,1.92,,,,,,,,
,,,,,,,,,,,
"Herefordshire, County of UA","1,728",57.3,1.77,,,,,,,,
Shropshire UA ,"2,835",57.1,1.81,,,,,,,,
Stoke-on-Trent UA,"3,641",73.5,2.12,,,,,,,,
Telford and Wrekin UA,"2,043",63.2,1.92,,,,,,,,
,,,,,,,,,,,
Staffordshire ,"8,672",57.7,1.79,,,,,,,,
Cannock Chase,"1,104",59.3,1.80,,,,,,,,
East Staffordshire,"1,438",69.3,2.10,,,,,,,,
Lichfield,982,58.5,1.85,,,,,,,,
Newcastle-under-Lyme,"1,291",54.1,1.68,,,,,,,,
South Staffordshire,907,51.7,1.68,,,,,,,,
Stafford,"1,201",54.0,1.68,,,,,,,,
Staffordshire Moorlands,846,54.5,1.79,,,,,,,,
Tamworth,903,60.1,1.81,,,,,,,,
,,,,,,,,,,,
Warwickshire,"5,885",59.4,1.82,,,,,,,,
North Warwickshire,568,53.3,1.69,,,,,,,,
Nuneaton and Bedworth,"1,528",64.9,1.94,,,,,,,,
Rugby,"1,246",66.6,2.05,,,,,,,,
Stratford-on-Avon,"1,037",55.5,1.80,,,,,,,,
Warwick,"1,506",54.9,1.70,,,,,,,,
,,,,,,,,,,,
West Midlands (Met County),"39,425",67.7,1.98,,,,,,,,
Birmingham,"16,925",69.0,2.01,,,,,,,,
Coventry,"4,572",61.1,1.78,,,,,,,,
Dudley ,"3,758",65.0,1.97,,,,,,,,
Sandwell ,"4,680",72.5,2.10,,,,,,,,
Solihull,"2,261",61.3,1.92,,,,,,,,
Walsall,"3,748",71.2,2.10,,,,,,,,
Wolverhampton,"3,481",68.9,2.02,,,,,,,,
,,,,,,,,,,,
Worcestershire ,"5,894",59.0,1.83,,,,,,,,
Bromsgrove,908,57.9,1.88,,,,,,,,
Malvern Hills,598,53.5,1.79,,,,,,,,
Redditch,"1,108",67.7,1.99,,,,,,,,
Worcester,"1,184",55.3,1.65,,,,,,,,
Wychavon,"1,052",55.8,1.80,,,,,,,,
Wyre Forest,"1,044",63.6,1.99,,,,,,,,
,,,,,,,,,,,
EAST,"71,855",64.1,1.92,,,,,,,,
,,,,,,,,,,,
Bedford UA ,"2,150",67.8,2.03,,,,,,,,
Central Bedfordshire UA ,"3,246",64.5,1.92,,,,,,,,
Luton UA,"3,481",76.1,2.12,,,,,,,,
Peterborough UA,"3,134",80.8,2.34,,,,,,,,
Southend-on-Sea UA,"2,212",65.3,1.97,,,,,,,,
Thurrock UA,"2,356",68.7,2.02,,,,,,,,
,,,,,,,,,,,
Cambridgeshire ,"7,269",58.7,1.76,,,,,,,,
Cambridge,"1,421",44.1,1.40,,,,,,,,
East Cambridgeshire,"1,035",65.5,1.97,,,,,,,,
Fenland,"1,118",66.6,2.04,,,,,,,,
Huntingdonshire,"1,966",62.5,1.91,,,,,,,,
South Cambridgeshire,"1,729",62.8,1.90,,,,,,,,
,,,,,,,,,,,
Essex ,"16,449",63.4,1.93,,,,,,,,
Basildon,"2,425",68.7,2.05,,,,,,,,
Braintree,"1,644",60.6,1.86,,,,,,,,
Brentwood,874,64.0,1.94,,,,,,,,
Castle Point,861,59.2,1.88,,,,,,,,
Chelmsford,"1,957",60.8,1.80,,,,,,,,
Colchester,"2,229",61.3,1.81,,,,,,,,
Epping Forest,"1,478",61.9,1.84,,,,,,,,
Harlow,"1,364",79.5,2.31,,,,,,,,
Maldon,535,54.3,1.80,,,,,,,,
Rochford,794,55.5,1.83,,,,,,,,
Tendring,"1,370",67.0,2.14,,,,,,,,
Uttlesford,918,63.4,2.04,,,,,,,,
,,,,,,,,,,,
Hertfordshire,"14,493",63.9,1.87,,,,,,,,
Broxbourne,"1,223",65.6,1.93,,,,,,,,
Dacorum,"1,901",66.2,1.95,,,,,,,,
East Hertfordshire,"1,625",60.6,1.83,,,,,,,,
Hertsmere,"1,357",68.7,2.02,,,,,,,,
North Hertfordshire,"1,535",62.8,1.87,,,,,,,,
St Albans,"1,808",65.2,1.86,,,,,,,,
Stevenage,"1,170",67.0,1.93,,,,,,,,
Three Rivers,"1,024",60.9,1.83,,,,,,,,
Watford,"1,484",69.3,1.86,,,,,,,,
Welwyn Hatfield,"1,366",54.5,1.67,,,,,,,,
,,,,,,,,,,,
Norfolk,"9,105",60.3,1.83,,,,,,,,
Breckland,"1,432",65.5,2.02,,,,,,,,
Broadland,"1,069",53.5,1.75,,,,,,,,
Great Yarmouth,"1,076",65.2,1.97,,,,,,,,
King’s Lynn and West Norfolk,"1,650",68.0,2.09,,,,,,,,
North Norfolk,786,56.9,1.82,,,,,,,,
Norwich,"1,761",52.9,1.52,,,,,,,,
South Norfolk,"1,331",62.6,2.01,,,,,,,,
,,,,,,,,,,,
Suffolk,"7,960",63.9,1.96,,,,,,,,
Babergh,756,55.7,1.86,,,,,,,,
Forest Heath,"1,015",82.7,2.31,,,,,,,,
Ipswich,"1,866",67.8,1.94,,,,,,,,
Mid Suffolk,917,58.6,1.87,,,,,,,,
St Edmundsbury,"1,155",60.9,1.86,,,,,,,,
Suffolk Coastal,"1,058",58.2,1.97,,,,,,,,
Waveney,"1,193",64.9,2.00,,,,,,,,
,,,,,,,,,,,
LONDON,"127,399",63.3,1.71,,,,,,,,
,,,,,,,,,,,
Inner London,"50,574",56.5,1.51,,,,,,,,
Camden,"2,700",44.3,1.24,,,,,,,,
City of London,61,37.3,0.96,,,,,,,,
Hackney,"4,377",60.1,1.66,,,,,,,,
Hammersmith and Fulham,"2,440",51.5,1.37,,,,,,,,
Haringey,"4,006",61.0,1.67,,,,,,,,
Islington,"2,879",46.0,1.29,,,,,,,,
Kensington and Chelsea,"1,821",50.9,1.31,,,,,,,,
Lambeth,"4,528",52.0,1.43,,,,,,,,
Lewisham,"4,759",65.8,1.79,,,,,,,,
Newham,"6,023",76.6,2.05,,,,,,,,
Southwark,"4,647",57.0,1.55,,,,,,,,
Tower Hamlets,"4,619",56.6,1.46,,,,,,,,
Wandsworth,"5,110",56.4,1.47,,,,,,,,
Westminster,"2,604",46.5,1.20,,,,,,,,
,,,,,,,,,,,
Outer London,"76,825",68.7,1.92,,,,,,,,
Barking and Dagenham,"3,569",79.4,2.28,,,,,,,,
Barnet,"5,244",64.1,1.75,,,,,,,,
Bexley,"3,037",63.1,1.88,,,,,,,,
Brent,"5,078",70.0,1.91,,,,,,,,
Bromley,"4,086",64.8,1.88,,,,,,,,
Croydon,"5,645",70.3,2.01,,,,,,,,
Ealing,"5,474",71.5,1.94,,,,,,,,
Enfield,"4,824",68.2,1.94,,,,,,,,
Greenwich,"4,368",69.7,1.92,,,,,,,,
Harrow,"3,525",69.7,1.92,,,,,,,,
Havering,"3,150",65.9,1.93,,,,,,,,
Hillingdon,"4,423",69.2,1.94,,,,,,,,
Hounslow,"4,245",70.2,1.90,,,,,,,,
Kingston upon Thames,"2,247",57.4,1.63,,,,,,,,
Merton,"3,274",69.9,1.86,,,,,,,,
Redbridge,"4,678",72.0,1.99,,,,,,,,
Richmond upon Thames,"2,589",64.2,1.68,,,,,,,,
Sutton,"2,751",66.9,1.93,,,,,,,,
Waltham Forest,"4,618",74.2,2.03,,,,,,,,
,,,,,,,,,,,
SOUTH EAST,"102,406",61.4,1.86,,,,,,,,
,,,,,,,,,,,
Bracknell Forest UA,"1,510",63.1,1.85,,,,,,,,
Brighton and Hove UA,"2,987",44.8,1.39,,,,,,,,
Isle of Wight UA,"1,316",62.1,1.99,,,,,,,,
Medway UA,"3,531",63.9,1.89,,,,,,,,
Milton Keynes UA,"3,667",68.2,1.98,,,,,,,,
Portsmouth UA,"2,685",58.3,1.71,,,,,,,,
Reading UA,"2,554",67.0,1.87,,,,,,,,
Slough UA,"2,591",78.8,2.18,,,,,,,,
Southampton UA,"3,306",57.3,1.67,,,,,,,,
West Berkshire UA,"1,852",66.2,2.09,,,,,,,,
Windsor and Maidenhead UA,"1,672",61.4,1.80,,,,,,,,
Wokingham UA,"1,811",62.3,1.88,,,,,,,,
,,,,,,,,,,,
Buckinghamshire ,"5,989",63.2,1.93,,,,,,,,
Aylesbury Vale,"2,207",64.0,1.94,,,,,,,,
Chiltern,916,61.0,1.98,,,,,,,,
South Bucks,727,62.4,1.89,,,,,,,,
Wycombe,"2,139",63.5,1.92,,,,,,,,
,,,,,,,,,,,
East Sussex ,"5,152",59.5,1.89,,,,,,,,
Eastbourne,"1,110",62.2,1.89,,,,,,,,
Hastings,"1,084",64.3,1.93,,,,,,,,
Lewes,897,56.9,1.82,,,,,,,,
Rother,705,57.1,1.88,,,,,,,,
Wealden,"1,356",57.1,1.90,,,,,,,,
,,,,,,,,,,,
Hampshire ,"14,453",60.9,1.89,,,,,,,,
Basingstoke and Deane,"2,111",63.5,1.89,,,,,,,,
East Hampshire,"1,117",58.5,1.95,,,,,,,,
Eastleigh,"1,548",64.0,1.90,,,,,,,,
Fareham,"1,030",54.0,1.72,,,,,,,,
Gosport,942,61.4,1.85,,,,,,,,
Hart,"1,036",64.0,2.01,,,,,,,,
Havant,"1,237",60.0,1.87,,,,,,,,
New Forest,"1,546",57.4,1.84,,,,,,,,
Rushmoor,"1,381",67.9,1.98,,,,,,,,
Test Valley,"1,279",62.6,2.02,,,,,,,,
Winchester,"1,226",55.6,1.85,,,,,,,,
,,,,,,,,,,,
Kent ,"17,305",62.4,1.92,,,,,,,,
Ashford,"1,474",64.8,2.02,,,,,,,,
Canterbury,"1,366",41.3,1.49,,,,,,,,
Dartford,"1,494",70.3,2.02,,,,,,,,
Dover,"1,170",62.9,1.97,,,,,,,,
Gravesham,"1,454",70.6,2.10,,,,,,,,
Maidstone,"1,979",66.1,1.98,,,,,,,,
Sevenoaks,"1,298",64.3,2.01,,,,,,,,
Shepway,"1,092",61.1,1.89,,,,,,,,
Swale,"1,771",69.3,2.13,,,,,,,,
Thanet,"1,586",66.0,2.01,,,,,,,,
Tonbridge and Malling,"1,424",62.8,2.02,,,,,,,,
Tunbridge Wells,"1,197",57.6,1.80,,,,,,,,
,,,,,,,,,,,
Oxfordshire,"7,775",58.6,1.75,,,,,,,,
Cherwell,"1,817",66.5,2.01,,,,,,,,
Oxford,"1,845",44.3,1.41,,,,,,,,
South Oxfordshire,"1,508",64.8,2.04,,,,,,,,
Vale of White Horse,"1,416",65.1,1.96,,,,,,,,
West Oxfordshire,"1,189",63.3,1.93,,,,,,,,
,,,,,,,,,,,
Surrey,"13,531",62.8,1.89,,,,,,,,
Elmbridge,"1,785",75.8,2.24,,,,,,,,
Epsom and Ewell,920,60.9,1.86,,,,,,,,
Guildford,"1,542",52.2,1.61,,,,,,,,
Mole Valley,800,57.7,1.86,,,,,,,,
Reigate and Banstead,"1,846",68.6,2.00,,,,,,,,
Runnymede,970,53.4,1.74,,,,,,,,
Spelthorne,"1,260",67.7,1.97,,,,,,,,
Surrey Heath,932,60.5,1.89,,,,,,,,
Tandridge,904,60.6,1.87,,,,,,,,
Waverley,"1,214",59.6,1.91,,,,,,,,
Woking,"1,358",71.0,2.04,,,,,,,,
,,,,,,,,,,,
West Sussex,"8,719",61.2,1.88,,,,,,,,
Adur,692,64.1,1.99,,,,,,,,
Arun,"1,463",61.1,1.90,,,,,,,,
Chichester,"1,060",59.2,1.93,,,,,,,,
Crawley,"1,618",68.8,1.92,,,,,,,,
Horsham,"1,229",56.1,1.81,,,,,,,,
Mid Sussex,"1,521",60.0,1.84,,,,,,,,
Worthing,"1,136",59.7,1.82,,,,,,,,
,,,,,,,,,,,
SOUTH WEST,"58,403",60.5,1.85,,,,,,,,
,,,,,,,,,,,
Bath and North East Somerset UA,"1,702",46.5,1.59,,,,,,,,
Bournemouth UA,"2,224",54.8,1.59,,,,,,,,
"Bristol, City of UA","6,442",61.6,1.76,,,,,,,,
Cornwall UA  and Isles of Scilly UA,"5,447",60.5,1.92,,,,,,,,
North Somerset UA,"2,192",63.4,1.98,,,,,,,,
Plymouth UA,"3,101",58.1,1.73,,,,,,,,
Poole UA,"1,647",62.6,1.88,,,,,,,,
South Gloucestershire UA,"3,138",61.9,1.88,,,,,,,,
Swindon UA,"2,923",67.9,2.00,,,,,,,,
Torbay UA,"1,443",68.4,2.12,,,,,,,,
Wiltshire UA ,"5,290",64.4,2.06,,,,,,,,
,,,,,,,,,,,
Devon ,"7,153",57.4,1.80,,,,,,,,
East Devon,"1,166",61.2,2.02,,,,,,,,
Exeter,"1,346",46.1,1.46,,,,,,,,
Mid Devon,805,62.7,2.01,,,,,,,,
North Devon,933,63.3,2.00,,,,,,,,
South Hams,702,59.9,1.96,,,,,,,,
Teignbridge,"1,169",60.2,1.90,,,,,,,,
Torridge,565,57.4,1.83,,,,,,,,
West Devon,467,59.8,1.91,,,,,,,,
,,,,,,,,,,,
Dorset ,"3,482",57.7,1.88,,,,,,,,
Christchurch,378,55.0,1.80,,,,,,,,
East Dorset,662,55.3,1.86,,,,,,,,
North Dorset,631,59.1,1.92,,,,,,,,
Purbeck,408,61.4,1.97,,,,,,,,
West Dorset,791,56.8,1.89,,,,,,,,
Weymouth and Portland,612,59.6,1.87,,,,,,,,
,,,,,,,,,,,
Gloucestershire ,"6,631",61.3,1.89,,,,,,,,
Cheltenham,"1,435",60.0,1.78,,,,,,,,
Cotswold,681,51.9,1.73,,,,,,,,
Forest of Dean,779,58.4,1.95,,,,,,,,
Gloucester,"1,730",69.4,2.01,,,,,,,,
Stroud,"1,014",54.8,1.80,,,,,,,,
Tewkesbury,992,69.2,2.14,,,,,,,,
,,,,,,,,,,,
Somerset,"5,588",63.2,1.99,,,,,,,,
Mendip,"1,117",60.8,2.01,,,,,,,,
Sedgemoor,"1,287",65.4,2.05,,,,,,,,
South Somerset,"1,675",63.6,1.99,,,,,,,,
Taunton Deane,"1,241",63.3,1.96,,,,,,,,
West Somerset,268,59.3,1.84,,,,,,,,
,,,,,,,,,,,
WALES,"33,544",59.1,1.78,,,,,,,,
,,,,,,,,,,,
Isle of Anglesey                ,747,67.6,2.08,,,,,,,,
Gwynedd                         ,"1,175",54.4,1.75,,,,,,,,
Conwy                           ,"1,106",62.1,1.96,,,,,,,,
Denbighshire                    ,"1,111",71.7,2.25,,,,,,,,
Flintshire                      ,"1,623",59.5,1.84,,,,,,,,
Wrexham                         ,"1,603",64.5,1.93,,,,,,,,
Powys                           ,"1,149",58.2,1.90,,,,,,,,
Ceredigion                      ,601,44.4,1.64,,,,,,,,
Pembrokeshire                   ,"1,229",62.5,1.96,,,,,,,,
Carmarthenshire                 ,"1,809",58.5,1.79,,,,,,,,
Swansea                         ,"2,522",54.7,1.65,,,,,,,,
Neath Port Talbot               ,"1,488",59.2,1.78,,,,,,,,
Bridgend                        ,"1,482",58.5,1.78,,,,,,,,
The Vale of Glamorgan         ,"1,265",56.6,1.79,,,,,,,,
Cardiff                         ,"4,606",55.8,1.66,,,,,,,,
Rhondda‚ Cynon‚ Taff            ,"2,721",59.7,1.77,,,,,,,,
Merthyr Tydfil                  ,744,65.6,1.89,,,,,,,,
Caerphilly                      ,"2,126",62.0,1.85,,,,,,,,
Blaenau Gwent                   ,771,58.7,1.72,,,,,,,,
Torfaen                         ,"1,006",59.8,1.78,,,,,,,,
Monmouthshire                   ,770,54.2,1.80,,,,,,,,
Newport                         ,"1,890",66.1,1.94,,,,,,,,
,,,,,,,,,,,
Local Health Boards (LHBs) in Wales,,,,,,,,,,,
,,,,,,,,,,,
WALES                                                ,"33,544",59.1,1.78,,,,,,,,
Betsi Cadwaladr University,"7,365",62.4,1.92,,,,,,,,
Powys Teaching,"1,149",58.2,1.90,,,,,,,,
Hywel Dda,"3,639",56.8,1.77,,,,,,,,
Abertawe Bro Morgannwg University,"5,492",56.9,1.71,,,,,,,,
Cwm Taf,"3,465",60.9,1.79,,,,,,,,
Aneurin Bevan,"6,563",61.3,1.84,,,,,,,,
Cardiff and Vale University,"5,871",55.9,1.68,,,,,,,,
,,,,,,,,,,,
,,,,,,,,,,,
Usual residence outside England and Wales,193,:,:,,,,,,,,
,,,,,,,,,,,
,,,,,,,,,,,
"Notes:   A birth to a mother whose usual residence is outside England and Wales is assigned to the country of residence.  These births are included in total figures for England and Wales, but excluded from any sub-division of England and Wales.",,,,,,,,,,,
"Due to the low number of births, counts for City of London and Isles of Scilly have been combined with those for Hackney LB and Cornwall UA respectively.",,,,,,,,,,,
,,,,,,,,,,,
"1 The General Fertility Rate (GFR) is the number of live births per 1,000 women aged 15 to 44. The GFRs have been calculated using mid-2014 population estimates.  ",,,,,,,,,,,
2 The Total Fertility Rate (TFR) is the average number of live children that a group of women would bear if they experienced the age-specific fertility rates of the calendar year in question throughout their childbearing lifespan.  ,,,,,,,,,,,
   The national TFRs have been calculated using mid-2014 population estimates by single year of age.,,,,,,,,,,,
   The sub-national TFRs have been calculated using mid-2014 population estimates by 5 year age group.,,,,,,,,,,,
,,,,,,,,,,,
Source: Office for National Statistics (ONS),,Released: ,"Wednesday, July 15, 2015",,,,,,,,
,,,,,,,,,,,
,,,,,,,,,,,
,,,,,,,,,,,
,,,,,,,,,,,
,,,,,,,,,,,
,,,,,,,,,,,
,,,,,,,,,,,
,,,,,,,,,,,
,,,,,,,,,,,